<?xml version="1.0" encoding="UTF-8" standalone="yes"?>
<addon id="repository.xstream" name="xStream Repository" version="1.1.8" provider-name="xStream-Team">
    <extension point="xbmc.addon.repository" name="xStream Repository">
        <info compressed="false">https://raw.github.com/discovert/discovert.github.io/master/zips/addons.xml</info>
        <checksum>https://raw.github.com/discovert/discovert.github.io/master/zips/addons.xml.md5</checksum>
        <datadir zip="true">https://raw.github.com/discovert/discovert.github.io/master/zips/</datadir>
    </extension>
    <extension point="xbmc.addon.metadata">
        <summary lang="de">xStream Repository</summary>
        <description lang="de">Dies ist das offizielle xStream Addon-Verzeichnis.[CR]Bei der Bereitstellung einer neuen Version von xStream wird diese auf Funktionalität geprüft. Sollten dennoch Probleme auftreten benachrichtige bitte das offizielle xStream-Team.</description>
        <disclaimer lang="de">Die dargestellten Inhalte des in diesem Verzeichnis enthaltenen Addons werden von den Erstellern des Addons weder gehostet oder verbreitet, noch stehen die Ersteller in irgendeiner Beziehung zu den Content-Anbietern.</disclaimer>
        <platform>all</platform>
      <assets>
        <icon>icon.png</icon>
        <fanart>fanart.jpg</fanart>
     </assets>
    </extension>
</addon>
